{
  "app_title": "Saonix",
  "tagline": "Macro Recorder",
  "nav_record": "● Record",
  "nav_library": "📚 Library",
  "nav_settings": "⚙ Settings",
  "page_record": "Record",
  "page_library": "Library",
  "page_settings": "Settings",
  "status_ready": "Ready",
  "status_recording": "● Recording...",
  "status_playing": "▶ Playing...",
  "record_controls": "Controls",
  "start_record": "● Start recording",
  "stop_record": "■ Stop recording",
  "play_loaded": "▶ Play (loaded)",
  "stop_play": "⏹ Stop",
  "save_to_library": "Save to library:",
  "save": "💾 Save",
  "hotkeys_title": "Hotkeys",
  "hotkeys_base": "Base",
  "hk_record": "Record",
  "hk_stop_record": "Stop record",
  "hk_play_loaded": "Play loaded",
  "hk_stop_play": "Stop play",
  "admin_hint": "If the target app runs as Admin, run Saonix as Admin too.",
  "log": "Log",
  "clear_log": "Clear log (UI only)",
  "library": "Library",
  "search": "Search...",
  "load": "Load",
  "delete": "Delete",
  "rename": "Rename",
  "clone": "Clone",
  "export": "Export JSON",
  "import": "Import JSON",
  "bind": "Bind:",
  "bind_placeholder": "F6 or Ctrl+Alt+F6",
  "assign": "Assign",
  "remove": "Remove",
  "play_selected": "▶ Play selected",
  "stop": "⏹ Stop",
  "playback_settings": "Playback settings",
  "loop_hint": "If Loop > 0, Repeat is ignored.",
  "notifications": "Notifications",
  "language": "Language",
  "theme": "Theme",
  "base_hotkeys": "Base hotkeys",
  "apply": "Apply",
  "reset": "Reset",
  "name": "Name",
  "enter_name": "Enter macro name.",
  "empty": "Empty",
  "no_events": "No events. Record first.",
  "overwrite": "Overwrite",
  "overwrite_q": "Macro exists. Overwrite?"
}
