{
  "app_title": "Saonix",
  "tagline": "Enregistreur de macros",
  "nav_record": "● Enregistrer",
  "nav_library": "📚 Bibliothèque",
  "nav_settings": "⚙ Paramètres",
  "page_record": "Enregistrement",
  "page_library": "Bibliothèque",
  "page_settings": "Paramètres",
  "status_ready": "Prêt",
  "status_recording": "● Enregistrement...",
  "status_playing": "▶ Lecture...",
  "record_controls": "Contrôles",
  "start_record": "● Démarrer l’enregistrement",
  "stop_record": "■ Arrêter l’enregistrement",
  "play_loaded": "▶ Lire (chargé)",
  "stop_play": "⏹ Arrêter",
  "save_to_library": "Enregistrer dans la bibliothèque :",
  "save": "💾 Enregistrer",
  "hotkeys_title": "Raccourcis",
  "hotkeys_base": "Base",
  "hk_record": "Enregistrer",
  "hk_stop_record": "Arrêter l’enregistrement",
  "hk_play_loaded": "Lire le chargé",
  "hk_stop_play": "Arrêter la lecture",
  "admin_hint": "Si l’application cible est lancée en Admin, lancez aussi Saonix en Admin.",
  "log": "Journal",
  "clear_log": "Effacer le journal (UI seulement)",
  "library": "Bibliothèque",
  "search": "Rechercher...",
  "load": "Charger",
  "delete": "Supprimer",
  "rename": "Renommer",
  "clone": "Dupliquer",
  "export": "Exporter JSON",
  "import": "Importer JSON",
  "bind": "Associer :",
  "bind_placeholder": "F6 ou Ctrl+Alt+F6",
  "assign": "Associer",
  "remove": "Retirer",
  "play_selected": "▶ Lire la sélection",
  "stop": "⏹ Arrêter",
  "playback_settings": "Paramètres de lecture",
  "loop_hint": "Si Loop > 0, Repeat est ignoré.",
  "notifications": "Notifications",
  "language": "Langue",
  "theme": "Thème",
  "base_hotkeys": "Raccourcis de base",
  "apply": "Appliquer",
  "reset": "Réinitialiser",
  "name": "Nom",
  "enter_name": "Entrez le nom de la macro.",
  "empty": "Vide",
  "no_events": "Aucun événement. Enregistrez d’abord.",
  "overwrite": "Écraser",
  "overwrite_q": "La macro existe déjà. Écraser ?"
}
