{
  "app_title": "Saonix",
  "tagline": "Perekam Makro",
  "nav_record": "● Rekam",
  "nav_library": "📚 Pustaka",
  "nav_settings": "⚙ Pengaturan",
  "page_record": "Rekam",
  "page_library": "Pustaka",
  "page_settings": "Pengaturan",
  "status_ready": "Siap",
  "status_recording": "● Merekam...",
  "status_playing": "▶ Memutar...",
  "record_controls": "Kontrol",
  "start_record": "● Mulai merekam",
  "stop_record": "■ Hentikan rekam",
  "play_loaded": "▶ Putar (termuat)",
  "stop_play": "⏹ Berhenti",
  "save_to_library": "Simpan ke pustaka:",
  "save": "💾 Simpan",
  "hotkeys_title": "Hotkey",
  "hotkeys_base": "Dasar",
  "hk_record": "Rekam",
  "hk_stop_record": "Stop rekam",
  "hk_play_loaded": "Putar termuat",
  "hk_stop_play": "Stop putar",
  "admin_hint": "Jika aplikasi target berjalan sebagai Admin, jalankan Saonix sebagai Admin juga.",
  "log": "Log",
  "clear_log": "Bersihkan log (UI saja)",
  "library": "Pustaka",
  "search": "Cari...",
  "load": "Muat",
  "delete": "Hapus",
  "rename": "Ganti nama",
  "clone": "Duplikat",
  "export": "Ekspor JSON",
  "import": "Impor JSON",
  "bind": "Bind:",
  "bind_placeholder": "F6 atau Ctrl+Alt+F6",
  "assign": "Pasang",
  "remove": "Hapus",
  "play_selected": "▶ Putar yang dipilih",
  "stop": "⏹ Berhenti",
  "playback_settings": "Pengaturan pemutaran",
  "loop_hint": "Jika Loop > 0, Repeat diabaikan.",
  "notifications": "Notifikasi",
  "language": "Bahasa",
  "theme": "Tema",
  "base_hotkeys": "Hotkey dasar",
  "apply": "Terapkan",
  "reset": "Reset",
  "name": "Nama",
  "enter_name": "Masukkan nama makro.",
  "empty": "Kosong",
  "no_events": "Tidak ada event. Rekam dulu.",
  "overwrite": "Timpa",
  "overwrite_q": "Makro sudah ada. Timpa?"
}
