{
  "app_title": "Saonix",
  "tagline": "マクロレコーダー",
  "nav_record": "● 記録",
  "nav_library": "📚 ライブラリ",
  "nav_settings": "⚙ 設定",
  "page_record": "記録",
  "page_library": "ライブラリ",
  "page_settings": "設定",
  "status_ready": "準備完了",
  "status_recording": "● 記録中…",
  "status_playing": "▶ 再生中…",
  "record_controls": "コントロール",
  "start_record": "● 記録開始",
  "stop_record": "■ 記録停止",
  "play_loaded": "▶ 再生（読み込み済み）",
  "stop_play": "⏹ 停止",
  "save_to_library": "ライブラリに保存：",
  "save": "💾 保存",
  "hotkeys_title": "ホットキー",
  "hotkeys_base": "基本",
  "hk_record": "記録",
  "hk_stop_record": "記録停止",
  "hk_play_loaded": "読み込み済み再生",
  "hk_stop_play": "再生停止",
  "admin_hint": "対象アプリが管理者で実行されている場合、Saonix も管理者で実行してください。",
  "log": "ログ",
  "clear_log": "ログをクリア（表示のみ）",
  "library": "ライブラリ",
  "search": "検索…",
  "load": "読み込み",
  "delete": "削除",
  "rename": "名前変更",
  "clone": "複製",
  "export": "JSON をエクスポート",
  "import": "JSON をインポート",
  "bind": "割り当て：",
  "bind_placeholder": "F6 または Ctrl+Alt+F6",
  "assign": "設定",
  "remove": "解除",
  "play_selected": "▶ 選択を再生",
  "stop": "⏹ 停止",
  "playback_settings": "再生設定",
  "loop_hint": "Loop > 0 の場合、Repeat は無視されます。",
  "notifications": "通知",
  "language": "言語",
  "theme": "テーマ",
  "base_hotkeys": "基本ホットキー",
  "apply": "適用",
  "reset": "リセット",
  "name": "名前",
  "enter_name": "マクロ名を入力してください。",
  "empty": "空",
  "no_events": "イベントがありません。先に記録してください。",
  "overwrite": "上書き",
  "overwrite_q": "マクロが存在します。上書きしますか？"
}
