{
  "app_title": "Saonix",
  "tagline": "매크로 레코더",
  "nav_record": "● 기록",
  "nav_library": "📚 라이브러리",
  "nav_settings": "⚙ 설정",
  "page_record": "기록",
  "page_library": "라이브러리",
  "page_settings": "설정",
  "status_ready": "준비됨",
  "status_recording": "● 기록 중…",
  "status_playing": "▶ 재생 중…",
  "record_controls": "컨트롤",
  "start_record": "● 기록 시작",
  "stop_record": "■ 기록 중지",
  "play_loaded": "▶ 재생(로드됨)",
  "stop_play": "⏹ 중지",
  "save_to_library": "라이브러리에 저장:",
  "save": "💾 저장",
  "hotkeys_title": "단축키",
  "hotkeys_base": "기본",
  "hk_record": "기록",
  "hk_stop_record": "기록 중지",
  "hk_play_loaded": "로드된 재생",
  "hk_stop_play": "재생 중지",
  "admin_hint": "대상 앱이 관리자 권한으로 실행 중이면 Saonix도 관리자 권한으로 실행하세요.",
  "log": "로그",
  "clear_log": "로그 지우기(화면만)",
  "library": "라이브러리",
  "search": "검색…",
  "load": "불러오기",
  "delete": "삭제",
  "rename": "이름 변경",
  "clone": "복제",
  "export": "JSON 내보내기",
  "import": "JSON 가져오기",
  "bind": "바인드:",
  "bind_placeholder": "F6 또는 Ctrl+Alt+F6",
  "assign": "설정",
  "remove": "해제",
  "play_selected": "▶ 선택 항목 재생",
  "stop": "⏹ 중지",
  "playback_settings": "재생 설정",
  "loop_hint": "Loop > 0이면 Repeat는 무시됩니다.",
  "notifications": "알림",
  "language": "언어",
  "theme": "테마",
  "base_hotkeys": "기본 단축키",
  "apply": "적용",
  "reset": "초기화",
  "name": "이름",
  "enter_name": "매크로 이름을 입력하세요.",
  "empty": "비어 있음",
  "no_events": "이벤트가 없습니다. 먼저 기록하세요.",
  "overwrite": "덮어쓰기",
  "overwrite_q": "매크로가 이미 있습니다. 덮어쓸까요?"
}
