{
  "app_title": "Saonix",
  "tagline": "Rejestrator makr",
  "nav_record": "● Nagraj",
  "nav_library": "📚 Biblioteka",
  "nav_settings": "⚙ Ustawienia",
  "page_record": "Nagrywanie",
  "page_library": "Biblioteka",
  "page_settings": "Ustawienia",
  "status_ready": "Gotowe",
  "status_recording": "● Nagrywanie...",
  "status_playing": "▶ Odtwarzanie...",
  "record_controls": "Sterowanie",
  "start_record": "● Rozpocznij nagrywanie",
  "stop_record": "■ Zatrzymaj nagrywanie",
  "play_loaded": "▶ Odtwórz (wczytane)",
  "stop_play": "⏹ Stop",
  "save_to_library": "Zapisz w bibliotece:",
  "save": "💾 Zapisz",
  "hotkeys_title": "Skróty",
  "hotkeys_base": "Podstawowe",
  "hk_record": "Nagrywanie",
  "hk_stop_record": "Stop nagrywania",
  "hk_play_loaded": "Odtwórz wczytane",
  "hk_stop_play": "Stop odtwarzania",
  "admin_hint": "Jeśli aplikacja docelowa działa jako Administrator, uruchom Saonix jako Administrator.",
  "log": "Log",
  "clear_log": "Wyczyść log (tylko UI)",
  "library": "Biblioteka",
  "search": "Szukaj...",
  "load": "Wczytaj",
  "delete": "Usuń",
  "rename": "Zmień nazwę",
  "clone": "Klonuj",
  "export": "Eksportuj JSON",
  "import": "Importuj JSON",
  "bind": "Przypisz:",
  "bind_placeholder": "F6 lub Ctrl+Alt+F6",
  "assign": "Ustaw",
  "remove": "Usuń",
  "play_selected": "▶ Odtwórz wybrane",
  "stop": "⏹ Stop",
  "playback_settings": "Ustawienia odtwarzania",
  "loop_hint": "Jeśli Loop > 0, Repeat jest ignorowane.",
  "notifications": "Powiadomienia",
  "language": "Język",
  "theme": "Motyw",
  "base_hotkeys": "Podstawowe skróty",
  "apply": "Zastosuj",
  "reset": "Resetuj",
  "name": "Nazwa",
  "enter_name": "Wpisz nazwę makra.",
  "empty": "Puste",
  "no_events": "Brak zdarzeń. Najpierw nagraj.",
  "overwrite": "Nadpisz",
  "overwrite_q": "Makro już istnieje. Nadpisać?"
}
