{
  "app_title": "Saonix",
  "tagline": "Gravador de macros",
  "nav_record": "● Gravar",
  "nav_library": "📚 Biblioteca",
  "nav_settings": "⚙ Configurações",
  "page_record": "Gravação",
  "page_library": "Biblioteca",
  "page_settings": "Configurações",
  "status_ready": "Pronto",
  "status_recording": "● Gravando...",
  "status_playing": "▶ Reproduzindo...",
  "record_controls": "Controles",
  "start_record": "● Iniciar gravação",
  "stop_record": "■ Parar gravação",
  "play_loaded": "▶ Reproduzir (carregado)",
  "stop_play": "⏹ Parar",
  "save_to_library": "Salvar na biblioteca:",
  "save": "💾 Salvar",
  "hotkeys_title": "Atalhos",
  "hotkeys_base": "Base",
  "hk_record": "Gravar",
  "hk_stop_record": "Parar gravação",
  "hk_play_loaded": "Reproduzir carregado",
  "hk_stop_play": "Parar reprodução",
  "admin_hint": "Se o app alvo roda como Admin, execute o Saonix como Admin também.",
  "log": "Log",
  "clear_log": "Limpar log (apenas UI)",
  "library": "Biblioteca",
  "search": "Pesquisar...",
  "load": "Carregar",
  "delete": "Excluir",
  "rename": "Renomear",
  "clone": "Clonar",
  "export": "Exportar JSON",
  "import": "Importar JSON",
  "bind": "Atalho:",
  "bind_placeholder": "F6 ou Ctrl+Alt+F6",
  "assign": "Definir",
  "remove": "Remover",
  "play_selected": "▶ Reproduzir selecionado",
  "stop": "⏹ Parar",
  "playback_settings": "Configurações de reprodução",
  "loop_hint": "Se Loop > 0, Repeat é ignorado.",
  "notifications": "Notificações",
  "language": "Idioma",
  "theme": "Tema",
  "base_hotkeys": "Atalhos base",
  "apply": "Aplicar",
  "reset": "Redefinir",
  "name": "Nome",
  "enter_name": "Digite o nome da macro.",
  "empty": "Vazio",
  "no_events": "Sem eventos. Grave primeiro.",
  "overwrite": "Sobrescrever",
  "overwrite_q": "A macro já existe. Sobrescrever?"
}
