{
  "app_title": "Saonix",
  "tagline": "Запись макросов",
  "nav_record": "● Запись",
  "nav_library": "📚 Библиотека",
  "nav_settings": "⚙ Настройки",
  "page_record": "Запись",
  "page_library": "Библиотека",
  "page_settings": "Настройки",
  "status_ready": "Готово",
  "status_recording": "● Запись...",
  "status_playing": "▶ Воспроизведение...",
  "record_controls": "Управление",
  "start_record": "● Начать запись",
  "stop_record": "■ Остановить запись",
  "play_loaded": "▶ Запуск (загруженного)",
  "stop_play": "⏹ Стоп",
  "save_to_library": "Сохранить в библиотеку:",
  "save": "💾 Сохранить",
  "hotkeys_title": "Хоткеи",
  "hotkeys_base": "Базовые",
  "hk_record": "Запись",
  "hk_stop_record": "Стоп запись",
  "hk_play_loaded": "Запуск загруженного",
  "hk_stop_play": "Стоп воспроизведение",
  "admin_hint": "Если целевая программа запущена от администратора — Saonix тоже запускай от администратора.",
  "log": "Лог",
  "clear_log": "Очистить лог (только в окне)",
  "library": "Библиотека",
  "search": "Поиск...",
  "load": "Загрузить",
  "delete": "Удалить",
  "rename": "Переименовать",
  "clone": "Клонировать",
  "export": "Экспорт JSON",
  "import": "Импорт JSON",
  "bind": "Бинд:",
  "bind_placeholder": "F6 или Ctrl+Alt+F6",
  "assign": "Назначить",
  "remove": "Убрать",
  "play_selected": "▶ Запуск выбранного",
  "stop": "⏹ Стоп",
  "playback_settings": "Настройки воспроизведения",
  "loop_hint": "Если Loop > 0, то Repeat игнорируется.",
  "notifications": "Уведомления",
  "language": "Язык",
  "theme": "Тема",
  "base_hotkeys": "Базовые хоткеи",
  "apply": "Применить",
  "reset": "Сброс",
  "name": "Имя",
  "enter_name": "Введите имя макроса.",
  "empty": "Пусто",
  "no_events": "Нет событий. Сначала сделай запись.",
  "overwrite": "Перезаписать",
  "overwrite_q": "Макрос уже существует. Перезаписать?"
}
