{
  "app_title": "Saonix",
  "tagline": "Trình ghi macro",
  "nav_record": "● Ghi",
  "nav_library": "📚 Thư viện",
  "nav_settings": "⚙ Cài đặt",
  "page_record": "Ghi",
  "page_library": "Thư viện",
  "page_settings": "Cài đặt",
  "status_ready": "Sẵn sàng",
  "status_recording": "● Đang ghi...",
  "status_playing": "▶ Đang phát...",
  "record_controls": "Điều khiển",
  "start_record": "● Bắt đầu ghi",
  "stop_record": "■ Dừng ghi",
  "play_loaded": "▶ Phát (đã tải)",
  "stop_play": "⏹ Dừng",
  "save_to_library": "Lưu vào thư viện:",
  "save": "💾 Lưu",
  "hotkeys_title": "Phím tắt",
  "hotkeys_base": "Cơ bản",
  "hk_record": "Ghi",
  "hk_stop_record": "Dừng ghi",
  "hk_play_loaded": "Phát đã tải",
  "hk_stop_play": "Dừng phát",
  "admin_hint": "Nếu ứng dụng mục tiêu chạy quyền Admin, hãy chạy Saonix quyền Admin nữa.",
  "log": "Nhật ký",
  "clear_log": "Xóa nhật ký (chỉ UI)",
  "library": "Thư viện",
  "search": "Tìm kiếm...",
  "load": "Tải",
  "delete": "Xóa",
  "rename": "Đổi tên",
  "clone": "Nhân bản",
  "export": "Xuất JSON",
  "import": "Nhập JSON",
  "bind": "Gán phím:",
  "bind_placeholder": "F6 hoặc Ctrl+Alt+F6",
  "assign": "Gán",
  "remove": "Gỡ",
  "play_selected": "▶ Phát mục đã chọn",
  "stop": "⏹ Dừng",
  "playback_settings": "Cài đặt phát",
  "loop_hint": "Nếu Loop > 0, Repeat sẽ bị bỏ qua.",
  "notifications": "Thông báo",
  "language": "Ngôn ngữ",
  "theme": "Giao diện",
  "base_hotkeys": "Phím tắt cơ bản",
  "apply": "Áp dụng",
  "reset": "Đặt lại",
  "name": "Tên",
  "enter_name": "Nhập tên macro.",
  "empty": "Trống",
  "no_events": "Không có sự kiện. Hãy ghi trước.",
  "overwrite": "Ghi đè",
  "overwrite_q": "Macro đã tồn tại. Ghi đè?"
}
