{
  "app_title": "Saonix",
  "tagline": "宏录制器",
  "nav_record": "● 录制",
  "nav_library": "📚 库",
  "nav_settings": "⚙ 设置",
  "page_record": "录制",
  "page_library": "库",
  "page_settings": "设置",
  "status_ready": "就绪",
  "status_recording": "● 正在录制…",
  "status_playing": "▶ 正在播放…",
  "record_controls": "控制",
  "start_record": "● 开始录制",
  "stop_record": "■ 停止录制",
  "play_loaded": "▶ 播放（已加载）",
  "stop_play": "⏹ 停止",
  "save_to_library": "保存到库：",
  "save": "💾 保存",
  "hotkeys_title": "快捷键",
  "hotkeys_base": "基础",
  "hk_record": "录制",
  "hk_stop_record": "停止录制",
  "hk_play_loaded": "播放已加载",
  "hk_stop_play": "停止播放",
  "admin_hint": "如果目标程序以管理员运行，请也以管理员运行 Saonix。",
  "log": "日志",
  "clear_log": "清空日志（仅界面）",
  "library": "库",
  "search": "搜索…",
  "load": "加载",
  "delete": "删除",
  "rename": "重命名",
  "clone": "克隆",
  "export": "导出 JSON",
  "import": "导入 JSON",
  "bind": "绑定：",
  "bind_placeholder": "F6 或 Ctrl+Alt+F6",
  "assign": "设置",
  "remove": "移除",
  "play_selected": "▶ 播放所选",
  "stop": "⏹ 停止",
  "playback_settings": "播放设置",
  "loop_hint": "如果 Loop > 0，则忽略 Repeat。",
  "notifications": "通知",
  "language": "语言",
  "theme": "主题",
  "base_hotkeys": "基础快捷键",
  "apply": "应用",
  "reset": "重置",
  "name": "名称",
  "enter_name": "请输入宏名称。",
  "empty": "空",
  "no_events": "没有事件。请先录制。",
  "overwrite": "覆盖",
  "overwrite_q": "宏已存在。要覆盖吗？"
}
